,biomass_human,biomass_macrophage_iABAM01410
Plasmax,0.03521796622920087,0.9242216585779413
Blood_SMDB,0.020738788854730888,0.7245897803251059
Plasmax_open,11.046585842981031,144.46741947733665
Blood_SMDB_open,135.6866600113304,270.8473158741763
Default,187.35362997658078,350.29586186392135
